Filename,Predicted_Label
1CB1DD79-B494-4A13-961F-0426BF8EB4C7.jpg,Josh
5D252AEB-7B2D-40BF-AF54-7F5CD96A867B.jpg,Josh
05B8622B-3504-48A2-A0D0-D86C3B7B4536.jpg,Josh
2AC1EE34-3E24-42B4-B778-5E7E08827794.jpg,Josh
IMG_8659.jpg,Josh
IMG_8657.jpg,Josh
IMG_8658.jpg,Josh
IMG_8701.jpg,Josh
IMG_9294.jpg,Josh
IMG_9280.jpg,Josh
photo_6258012065079872697_x.jpg,Allen
photo_6258012065079872699_w.jpg,Allen
photo_6258012065079872703_w.jpg,Allen
photo_6258012065079872708_w.jpg,Allen
photo_6258012065079872711_w.jpg,Allen
photo_6258012065079872710_w.jpg,Allen
photo_6258012065079872712_w.jpg,Allen
photo_6258012065079872715_w.jpg,Allen
IMG_3515.jpg,Allen
IMG_3567.jpg,Allen
